﻿<?xml version="1.0" encoding="utf-8"?><meta xmlns:xsi="http://www.w3.org/2001/XMLSchema-instance" xmlns:xsd="http://www.w3.org/2001/XMLSchema"><project id="6F4Yg1OuLoz" courseid="6UXYqeG5qJE_course_id" thumburl="story_content/thumbnail.jpg" title="Know Your Incentive for less than 3 M PLP1" datepublished="2022-12-28T10:24:10" version="1.0.0.0" flashdata="story_content/data.swf" html5data="mobile/data.json" mobiledata="mobile/data.gz" enabledownload="false" duration="About 12 seconds" totalaudio="0" totalvideo="0"><description>INCENTIVE STRUCTURE - less than 3 month VintagePersonal loan  Prime</description><keywords /><slidemeta moniker="slide" monikerplural="slides" viewslides="2" slidecountdescription="2 slides" /><author name="Sandeep Gadre" email="" website="" /><application name="Articulate Storyline" version="3.10.22406.0" xmlversion="4.0" /></project></meta>